from,to,weight
喜び,信頼,3.0
喜び,恐れ,1.1428571428571428
喜び,驚き,3.4444444444444446
喜び,悲しみ,0.1666666666666666
喜び,嫌悪,0.0
喜び,怒り,0.1538461538461538
喜び,期待,4.7
喜び,恍惚,4.6923076923076925
喜び,平穏,3.6666666666666665
喜び,感嘆,4.909090909090909
喜び,容認,2.2666666666666666
喜び,恐怖,0.375
喜び,心配,0.8571428571428571
喜び,驚嘆,3.5
喜び,動揺,1.3333333333333333
喜び,悲痛,1.2
喜び,憂い,1.8666666666666667
喜び,憎悪,0.2727272727272727
喜び,退屈,0.25
喜び,激怒,0.4
喜び,苛立ち,0.1818181818181818
喜び,警戒,0.5
喜び,興味,3.1666666666666665
喜び,楽観,4.428571428571429
喜び,希望,5.2
喜び,不安,0.1666666666666666
喜び,愛,3.75
喜び,罪悪感,0.25
喜び,歓喜,5.571428571428571
喜び,服従,1.3333333333333333
喜び,好奇心,2.875
喜び,感傷,1.3
喜び,畏敬,1.75
喜び,絶望,0.0
喜び,恥,0.4166666666666667
喜び,失望,0.2727272727272727
喜び,不審,0.125
喜び,憤慨,0.1666666666666666
喜び,自責,0.5
喜び,嫉妬,0.6666666666666666
喜び,悲観,0.25
喜び,軽蔑,0.4615384615384615
喜び,冷笑,0.3333333333333333
喜び,陰鬱,0.0
喜び,積極性,3.230769230769231
喜び,誇り,3.533333333333333
喜び,優位,3.142857142857143
信頼,喜び,3.6666666666666665
信頼,恐れ,1.0
信頼,驚き,0.5
信頼,悲しみ,0.3333333333333333
信頼,嫌悪,0.3
信頼,怒り,0.5625
信頼,期待,4.25
信頼,恍惚,2.6666666666666665
信頼,平穏,3.8333333333333335
信頼,感嘆,1.9
信頼,容認,5.0
信頼,恐怖,1.0
信頼,心配,1.4
信頼,驚嘆,1.2222222222222223
信頼,動揺,0.0
信頼,悲痛,1.0
信頼,憂い,0.5454545454545454
信頼,憎悪,0.875
信頼,退屈,0.625
信頼,激怒,1.8571428571428572
信頼,苛立ち,0.8571428571428571
信頼,警戒,0.2857142857142857
信頼,興味,3.3
信頼,楽観,3.8333333333333335
信頼,希望,4.5
信頼,不安,1.5
信頼,愛,5.25
信頼,罪悪感,0.75
信頼,歓喜,3.3333333333333335
信頼,服従,3.4
信頼,好奇心,2.0
信頼,感傷,1.1111111111111112
信頼,畏敬,4.0
信頼,絶望,0.5
信頼,恥,0.3076923076923077
信頼,失望,1.5
信頼,不審,0.6666666666666666
信頼,憤慨,0.6666666666666666
信頼,自責,1.6666666666666667
信頼,嫉妬,0.7142857142857143
信頼,悲観,0.75
信頼,軽蔑,0.1428571428571428
信頼,冷笑,0.4
信頼,陰鬱,0.6363636363636364
信頼,積極性,4.0
信頼,誇り,4.375
信頼,優位,2.75
恐れ,喜び,0.1538461538461538
恐れ,信頼,0.875
恐れ,驚き,3.1666666666666665
恐れ,悲しみ,3.5
恐れ,嫌悪,3.727272727272727
恐れ,怒り,4.055555555555555
恐れ,期待,1.5454545454545454
恐れ,恍惚,1.25
恐れ,平穏,0.2
恐れ,感嘆,2.2666666666666666
恐れ,容認,0.8333333333333334
恐れ,恐怖,7.0
恐れ,心配,6.111111111111111
恐れ,驚嘆,3.5
恐れ,動揺,5.166666666666667
恐れ,悲痛,3.7333333333333334
恐れ,憂い,3.1
恐れ,憎悪,4.375
恐れ,退屈,0.8
恐れ,激怒,2.9166666666666665
恐れ,苛立ち,4.333333333333333
恐れ,警戒,5.142857142857143
恐れ,興味,2.7
恐れ,楽観,0.625
恐れ,希望,0.2727272727272727
恐れ,不安,5.923076923076923
恐れ,愛,1.3076923076923077
恐れ,罪悪感,3.272727272727273
恐れ,歓喜,0.4
恐れ,服従,4.0
恐れ,好奇心,2.3
恐れ,感傷,1.75
恐れ,畏敬,4.25
恐れ,絶望,5.8
恐れ,恥,1.4615384615384617
恐れ,失望,3.7142857142857144
恐れ,不審,4.3076923076923075
恐れ,憤慨,3.5
恐れ,自責,2.5
恐れ,嫉妬,2.8
恐れ,悲観,4.833333333333333
恐れ,軽蔑,2.1538461538461537
恐れ,冷笑,1.6153846153846154
恐れ,陰鬱,3.5833333333333335
恐れ,積極性,1.5
恐れ,誇り,0.8181818181818182
恐れ,優位,1.75
驚き,喜び,4.142857142857143
驚き,信頼,1.4
驚き,恐れ,2.923076923076923
驚き,悲しみ,2.4444444444444446
驚き,嫌悪,1.6923076923076923
驚き,怒り,2.1666666666666665
驚き,期待,3.7
驚き,恍惚,2.4
驚き,平穏,0.4285714285714285
驚き,感嘆,4.888888888888889
驚き,容認,1.8333333333333333
驚き,恐怖,3.909090909090909
驚き,心配,2.3333333333333335
驚き,驚嘆,5.857142857142857
驚き,動揺,5.363636363636363
驚き,悲痛,2.1666666666666665
驚き,憂い,0.7272727272727273
驚き,憎悪,1.9
驚き,退屈,0.6923076923076923
驚き,激怒,1.8461538461538465
驚き,苛立ち,2.0
驚き,警戒,3.6
驚き,興味,5.142857142857143
驚き,楽観,1.0
驚き,希望,3.6
驚き,不安,3.6
驚き,愛,1.9166666666666667
驚き,罪悪感,1.1
驚き,歓喜,3.6
驚き,服従,1.8888888888888888
驚き,好奇心,5.083333333333333
驚き,感傷,2.125
驚き,畏敬,2.8
驚き,絶望,2.363636363636364
驚き,恥,1.1666666666666667
驚き,失望,2.0
驚き,不審,2.3333333333333335
驚き,憤慨,3.0
驚き,自責,1.2
驚き,嫉妬,1.4
驚き,悲観,0.8333333333333334
驚き,軽蔑,1.3
驚き,冷笑,1.4
驚き,陰鬱,0.25
驚き,積極性,2.375
驚き,誇り,1.2857142857142858
驚き,優位,1.25
悲しみ,喜び,1.1666666666666667
悲しみ,信頼,0.5
悲しみ,恐れ,2.875
悲しみ,驚き,1.875
悲しみ,嫌悪,3.111111111111111
悲しみ,怒り,4.0
悲しみ,期待,0.5
悲しみ,恍惚,0.4
悲しみ,平穏,1.4545454545454546
悲しみ,感嘆,2.25
悲しみ,容認,0.3636363636363636
悲しみ,恐怖,3.1538461538461537
悲しみ,心配,4.133333333333334
悲しみ,驚嘆,1.7777777777777777
悲しみ,動揺,3.5833333333333335
悲しみ,悲痛,6.666666666666667
悲しみ,憂い,5.571428571428571
悲しみ,憎悪,2.4444444444444446
悲しみ,退屈,1.6923076923076923
悲しみ,激怒,1.75
悲しみ,苛立ち,2.8
悲しみ,警戒,2.3333333333333335
悲しみ,興味,0.6
悲しみ,楽観,1.3333333333333333
悲しみ,希望,1.4285714285714286
悲しみ,不安,4.666666666666667
悲しみ,愛,1.5454545454545454
悲しみ,罪悪感,3.0833333333333335
悲しみ,歓喜,1.5833333333333333
悲しみ,服従,2.0
悲しみ,好奇心,0.5833333333333334
悲しみ,感傷,5.8
悲しみ,畏敬,1.9230769230769231
悲しみ,絶望,6.5
悲しみ,恥,2.7777777777777777
悲しみ,失望,6.3076923076923075
悲しみ,不審,1.9
悲しみ,憤慨,3.5833333333333335
悲しみ,自責,3.857142857142857
悲しみ,嫉妬,2.8
悲しみ,悲観,5.777777777777778
悲しみ,軽蔑,2.7142857142857144
悲しみ,冷笑,2.727272727272727
悲しみ,陰鬱,4.0
悲しみ,積極性,0.2666666666666666
悲しみ,誇り,0.375
悲しみ,優位,0.4
嫌悪,喜び,0.625
嫌悪,信頼,0.0
嫌悪,恐れ,2.909090909090909
嫌悪,驚き,1.6666666666666667
嫌悪,悲しみ,3.5714285714285716
嫌悪,怒り,4.285714285714286
嫌悪,期待,0.3
嫌悪,恍惚,0.6666666666666666
嫌悪,平穏,0.9
嫌悪,感嘆,0.9
嫌悪,容認,0.5384615384615384
嫌悪,恐怖,3.9166666666666665
嫌悪,心配,3.272727272727273
嫌悪,驚嘆,2.2222222222222223
嫌悪,動揺,2.7
嫌悪,悲痛,4.142857142857143
嫌悪,憂い,2.076923076923077
嫌悪,憎悪,5.8
嫌悪,退屈,1.7
嫌悪,激怒,3.2
嫌悪,苛立ち,5.25
嫌悪,警戒,3.7777777777777777
嫌悪,興味,0.8461538461538461
嫌悪,楽観,0.3333333333333333
嫌悪,希望,0.9166666666666666
嫌悪,不安,3.6
嫌悪,愛,1.0
嫌悪,罪悪感,3.4285714285714284
嫌悪,歓喜,0.1818181818181818
嫌悪,服従,1.5
嫌悪,好奇心,1.5
嫌悪,感傷,2.4444444444444446
嫌悪,畏敬,1.625
嫌悪,絶望,3.9166666666666665
嫌悪,恥,4.428571428571429
嫌悪,失望,4.285714285714286
嫌悪,不審,5.0
嫌悪,憤慨,4.636363636363637
嫌悪,自責,4.636363636363637
嫌悪,嫉妬,4.583333333333333
嫌悪,悲観,3.0
嫌悪,軽蔑,5.8
嫌悪,冷笑,4.0
嫌悪,陰鬱,4.142857142857143
嫌悪,積極性,1.75
嫌悪,誇り,0.2857142857142857
嫌悪,優位,0.75
怒り,喜び,0.5
怒り,信頼,0.5714285714285714
怒り,恐れ,3.4285714285714284
怒り,驚き,2.0
怒り,悲しみ,3.3333333333333335
怒り,嫌悪,5.0
怒り,期待,1.181818181818182
怒り,恍惚,1.0
怒り,平穏,0.0
怒り,感嘆,1.4545454545454546
怒り,容認,0.5833333333333334
怒り,恐怖,3.4444444444444446
怒り,心配,2.2222222222222223
怒り,驚嘆,2.0
怒り,動揺,3.0
怒り,悲痛,3.25
怒り,憂い,2.4285714285714284
怒り,憎悪,5.1
怒り,退屈,1.0
怒り,激怒,6.75
怒り,苛立ち,5.909090909090909
怒り,警戒,1.9090909090909092
怒り,興味,1.875
怒り,楽観,0.5714285714285714
怒り,希望,0.3846153846153846
怒り,不安,3.25
怒り,愛,1.4285714285714286
怒り,罪悪感,2.363636363636364
怒り,歓喜,0.2307692307692307
怒り,服従,1.6923076923076923
怒り,好奇心,1.4285714285714286
怒り,感傷,1.6363636363636365
怒り,畏敬,1.1666666666666667
怒り,絶望,3.9166666666666665
怒り,恥,3.7142857142857144
怒り,失望,3.857142857142857
怒り,不審,3.3
怒り,憤慨,6.857142857142857
怒り,自責,3.4
怒り,嫉妬,3.3333333333333335
怒り,悲観,3.888888888888889
怒り,軽蔑,3.272727272727273
怒り,冷笑,2.4444444444444446
怒り,陰鬱,2.6666666666666665
怒り,積極性,1.6
怒り,誇り,1.1111111111111112
怒り,優位,1.6666666666666667
期待,喜び,5.375
期待,信頼,4.916666666666667
期待,恐れ,1.1111111111111112
期待,驚き,2.625
期待,悲しみ,0.3333333333333333
期待,嫌悪,0.3333333333333333
期待,怒り,1.1666666666666667
期待,恍惚,2.6
期待,平穏,2.3333333333333335
期待,感嘆,3.5
期待,容認,3.0
期待,恐怖,1.1666666666666667
期待,心配,2.7142857142857144
期待,驚嘆,2.4545454545454546
期待,動揺,1.3076923076923077
期待,悲痛,1.4
期待,憂い,0.9
期待,憎悪,0.6666666666666666
期待,退屈,1.3846153846153846
期待,激怒,0.8181818181818182
期待,苛立ち,0.5
期待,警戒,1.1111111111111112
期待,興味,5.142857142857143
期待,楽観,4.9
期待,希望,6.444444444444445
期待,不安,2.3333333333333335
期待,愛,3.0833333333333335
期待,罪悪感,0.4285714285714285
期待,歓喜,3.769230769230769
期待,服従,1.2222222222222223
期待,好奇心,4.666666666666667
期待,感傷,0.8333333333333334
期待,畏敬,2.1666666666666665
期待,絶望,0.25
期待,恥,0.5555555555555556
期待,失望,0.375
期待,不審,0.7142857142857143
期待,憤慨,0.3333333333333333
期待,自責,0.625
期待,嫉妬,1.0
期待,悲観,0.9230769230769232
期待,軽蔑,0.2666666666666666
期待,冷笑,1.3333333333333333
期待,陰鬱,0.125
期待,積極性,4.0
期待,誇り,4.636363636363637
期待,優位,2.6666666666666665
恍惚,喜び,5.090909090909091
恍惚,信頼,1.875
恍惚,恐れ,0.7777777777777778
恍惚,驚き,2.0
恍惚,悲しみ,0.9285714285714286
恍惚,嫌悪,1.1111111111111112
恍惚,怒り,0.375
恍惚,期待,3.4545454545454546
恍惚,平穏,0.8888888888888888
恍惚,感嘆,3.2
恍惚,容認,1.4
恍惚,恐怖,1.2222222222222223
恍惚,心配,0.6666666666666666
恍惚,驚嘆,3.9
恍惚,動揺,1.0
恍惚,悲痛,0.5
恍惚,憂い,1.4444444444444444
恍惚,憎悪,0.3571428571428571
恍惚,退屈,0.875
恍惚,激怒,0.1666666666666666
恍惚,苛立ち,0.7272727272727273
恍惚,警戒,0.4285714285714285
恍惚,興味,3.4166666666666665
恍惚,楽観,3.1666666666666665
恍惚,希望,3.3846153846153846
恍惚,不安,0.4545454545454545
恍惚,愛,4.636363636363637
恍惚,罪悪感,0.4444444444444444
恍惚,歓喜,4.125
恍惚,服従,3.4
恍惚,好奇心,3.363636363636364
恍惚,感傷,2.4444444444444446
恍惚,畏敬,3.4615384615384617
恍惚,絶望,0.4285714285714285
恍惚,恥,1.4285714285714286
恍惚,失望,0.8333333333333334
恍惚,不審,0.3
恍惚,憤慨,0.7142857142857143
恍惚,自責,1.0
恍惚,嫉妬,1.375
恍惚,悲観,0.3636363636363636
恍惚,軽蔑,1.0
恍惚,冷笑,0.6666666666666666
恍惚,陰鬱,1.5
恍惚,積極性,1.8571428571428572
恍惚,誇り,3.2222222222222223
恍惚,優位,2.0
平穏,喜び,3.125
平穏,信頼,4.6923076923076925
平穏,恐れ,0.4615384615384615
平穏,驚き,0.2727272727272727
平穏,悲しみ,0.5555555555555556
平穏,嫌悪,0.4615384615384615
平穏,怒り,0.1666666666666666
平穏,期待,2.857142857142857
平穏,恍惚,2.1666666666666665
平穏,感嘆,0.7857142857142857
平穏,容認,4.375
平穏,恐怖,0.0
平穏,心配,1.0769230769230769
平穏,驚嘆,0.6363636363636364
平穏,動揺,0.6363636363636364
平穏,悲痛,1.0
平穏,憂い,1.4545454545454546
平穏,憎悪,0.25
平穏,退屈,3.7777777777777777
平穏,激怒,0.0
平穏,苛立ち,0.25
平穏,警戒,1.0
平穏,興味,1.6923076923076923
平穏,楽観,4.125
平穏,希望,3.2142857142857144
平穏,不安,1.5714285714285714
平穏,愛,5.0
平穏,罪悪感,0.4285714285714285
平穏,歓喜,3.1
平穏,服従,1.0
平穏,好奇心,1.1
平穏,感傷,0.9333333333333332
平穏,畏敬,1.0833333333333333
平穏,絶望,0.4166666666666667
平穏,恥,0.6
平穏,失望,0.6363636363636364
平穏,不審,0.6153846153846154
平穏,憤慨,0.2727272727272727
平穏,自責,0.7
平穏,嫉妬,0.375
平穏,悲観,1.0
平穏,軽蔑,0.3
平穏,冷笑,1.2222222222222223
平穏,陰鬱,0.8
平穏,積極性,1.181818181818182
平穏,誇り,0.8333333333333334
平穏,優位,4.090909090909091
感嘆,喜び,4.7
感嘆,信頼,2.1666666666666665
感嘆,恐れ,1.7142857142857142
感嘆,驚き,5.166666666666667
感嘆,悲しみ,1.8235294117647056
感嘆,嫌悪,1.181818181818182
感嘆,怒り,1.5
感嘆,期待,3.6666666666666665
感嘆,恍惚,4.333333333333333
感嘆,平穏,0.7142857142857143
感嘆,容認,2.0
感嘆,恐怖,1.181818181818182
感嘆,心配,1.2307692307692308
感嘆,驚嘆,5.5
感嘆,動揺,3.5
感嘆,悲痛,1.9
感嘆,憂い,2.5555555555555554
感嘆,憎悪,1.5833333333333333
感嘆,退屈,0.1666666666666666
感嘆,激怒,0.25
感嘆,苛立ち,1.2222222222222223
感嘆,警戒,1.5
感嘆,興味,2.4
感嘆,楽観,1.0
感嘆,希望,3.0
感嘆,不安,1.5454545454545454
感嘆,愛,3.5714285714285716
感嘆,罪悪感,1.0
感嘆,歓喜,4.666666666666667
感嘆,服従,1.1333333333333333
感嘆,好奇心,4.166666666666667
感嘆,感傷,2.090909090909091
感嘆,畏敬,2.888888888888889
感嘆,絶望,1.2857142857142858
感嘆,恥,1.125
感嘆,失望,0.8571428571428571
感嘆,不審,0.5
感嘆,憤慨,0.8571428571428571
感嘆,自責,0.7
感嘆,嫉妬,0.5714285714285714
感嘆,悲観,1.4
感嘆,軽蔑,1.2
感嘆,冷笑,1.8888888888888888
感嘆,陰鬱,1.6666666666666667
感嘆,積極性,1.75
感嘆,誇り,3.0
感嘆,優位,2.1666666666666665
容認,喜び,2.769230769230769
容認,信頼,3.8461538461538463
容認,恐れ,1.0
容認,驚き,1.5714285714285714
容認,悲しみ,0.4285714285714285
容認,嫌悪,0.5555555555555556
容認,怒り,0.5384615384615384
容認,期待,4.0
容認,恍惚,3.0
容認,平穏,2.9
容認,感嘆,1.6666666666666667
容認,恐怖,0.7777777777777778
容認,心配,0.3333333333333333
容認,驚嘆,1.5
容認,動揺,0.8
容認,悲痛,1.0666666666666669
容認,憂い,0.5
容認,憎悪,0.5
容認,退屈,1.75
容認,激怒,0.7142857142857143
容認,苛立ち,0.5714285714285714
容認,警戒,0.8571428571428571
容認,興味,3.3076923076923075
容認,楽観,3.375
容認,希望,3.75
容認,不安,1.0
容認,愛,4.615384615384615
容認,罪悪感,1.4444444444444444
容認,歓喜,2.2666666666666666
容認,服従,2.8333333333333335
容認,好奇心,2.5
容認,感傷,0.8
容認,畏敬,1.6666666666666667
容認,絶望,1.1111111111111112
容認,恥,1.5714285714285714
容認,失望,1.0909090909090908
容認,不審,0.9090909090909092
容認,憤慨,0.8823529411764706
容認,自責,1.6666666666666667
容認,嫉妬,0.125
容認,悲観,0.5714285714285714
容認,軽蔑,0.8
容認,冷笑,1.2
容認,陰鬱,0.5555555555555556
容認,積極性,2.1666666666666665
容認,誇り,2.357142857142857
容認,優位,2.375
恐怖,喜び,0.6666666666666666
恐怖,信頼,0.3076923076923077
恐怖,恐れ,6.625
恐怖,驚き,4.5
恐怖,悲しみ,3.2857142857142856
恐怖,嫌悪,4.0
恐怖,怒り,3.5294117647058822
恐怖,期待,0.7
恐怖,恍惚,0.3333333333333333
恐怖,平穏,0.5384615384615384
恐怖,感嘆,1.818181818181818
恐怖,容認,1.2222222222222223
恐怖,心配,4.909090909090909
恐怖,驚嘆,4.0
恐怖,動揺,5.0
恐怖,悲痛,4.555555555555555
恐怖,憂い,2.0
恐怖,憎悪,2.75
恐怖,退屈,1.0833333333333333
恐怖,激怒,2.5
恐怖,苛立ち,3.888888888888889
恐怖,警戒,4.2727272727272725
恐怖,興味,1.3636363636363635
恐怖,楽観,0.2222222222222222
恐怖,希望,1.0
恐怖,不安,6.181818181818182
恐怖,愛,0.5454545454545454
恐怖,罪悪感,3.1
恐怖,歓喜,0.4545454545454545
恐怖,服従,3.4
恐怖,好奇心,1.818181818181818
恐怖,感傷,1.8333333333333333
恐怖,畏敬,3.5
恐怖,絶望,5.181818181818182
恐怖,恥,1.7272727272727273
恐怖,失望,4.5
恐怖,不審,4.25
恐怖,憤慨,2.2
恐怖,自責,3.0
恐怖,嫉妬,2.3333333333333335
恐怖,悲観,4.25
恐怖,軽蔑,3.2222222222222223
恐怖,冷笑,2.090909090909091
恐怖,陰鬱,4.75
恐怖,積極性,0.4285714285714285
恐怖,誇り,1.3636363636363635
恐怖,優位,1.625
心配,喜び,0.4615384615384615
心配,信頼,0.5454545454545454
心配,恐れ,5.0
心配,驚き,2.727272727272727
心配,悲しみ,5.0
心配,嫌悪,2.4285714285714284
心配,怒り,2.0
心配,期待,0.7272727272727273
心配,恍惚,0.5454545454545454
心配,平穏,1.5333333333333334
心配,感嘆,1.2727272727272727
心配,容認,2.0
心配,恐怖,4.625
心配,驚嘆,2.5555555555555554
心配,動揺,5.7
心配,悲痛,4.5625
心配,憂い,4.076923076923077
心配,憎悪,1.8333333333333333
心配,退屈,0.5833333333333334
心配,激怒,2.090909090909091
心配,苛立ち,3.4166666666666665
心配,警戒,5.785714285714286
心配,興味,3.0
心配,楽観,0.1
心配,希望,1.0909090909090908
心配,不安,7.0
心配,愛,2.75
心配,罪悪感,2.75
心配,歓喜,0.875
心配,服従,2.142857142857143
心配,好奇心,1.6666666666666667
心配,感傷,4.333333333333333
心配,畏敬,1.875
心配,絶望,3.3333333333333335
心配,恥,2.6
心配,失望,3.75
心配,不審,5.2
心配,憤慨,1.2
心配,自責,3.6666666666666665
心配,嫉妬,2.8
心配,悲観,5.333333333333333
心配,軽蔑,1.5
心配,冷笑,1.5833333333333333
心配,陰鬱,4.833333333333333
心配,積極性,1.5
心配,誇り,1.4
心配,優位,1.3636363636363635
驚嘆,喜び,2.625
驚嘆,信頼,0.8181818181818182
驚嘆,恐れ,3.0
驚嘆,驚き,6.666666666666667
驚嘆,悲しみ,1.7
驚嘆,嫌悪,2.6923076923076925
驚嘆,怒り,2.2222222222222223
驚嘆,期待,2.0
驚嘆,恍惚,2.7777777777777777
驚嘆,平穏,0.3333333333333333
驚嘆,感嘆,4.461538461538462
驚嘆,容認,1.875
驚嘆,恐怖,2.7
驚嘆,心配,1.875
驚嘆,動揺,3.7
驚嘆,悲痛,2.4444444444444446
驚嘆,憂い,1.0
驚嘆,憎悪,1.818181818181818
驚嘆,退屈,0.3636363636363636
驚嘆,激怒,1.818181818181818
驚嘆,苛立ち,1.6666666666666667
驚嘆,警戒,2.4166666666666665
驚嘆,興味,3.0
驚嘆,楽観,1.1428571428571428
驚嘆,希望,2.636363636363636
驚嘆,不安,2.363636363636364
驚嘆,愛,2.5
驚嘆,罪悪感,1.7272727272727273
驚嘆,歓喜,3.272727272727273
驚嘆,服従,1.4375
驚嘆,好奇心,3.5
驚嘆,感傷,1.0
驚嘆,畏敬,3.4166666666666665
驚嘆,絶望,1.6666666666666667
驚嘆,恥,2.142857142857143
驚嘆,失望,1.7777777777777777
驚嘆,不審,1.6666666666666667
驚嘆,憤慨,1.7272727272727273
驚嘆,自責,0.375
驚嘆,嫉妬,2.25
驚嘆,悲観,1.0
驚嘆,軽蔑,1.125
驚嘆,冷笑,1.4
驚嘆,陰鬱,2.142857142857143
驚嘆,積極性,1.7777777777777777
驚嘆,誇り,2.7777777777777777
驚嘆,優位,1.5714285714285714
動揺,喜び,2.0
動揺,信頼,0.7272727272727273
動揺,恐れ,4.909090909090909
動揺,驚き,4.4
動揺,悲しみ,3.1818181818181817
動揺,嫌悪,3.5454545454545454
動揺,怒り,3.375
動揺,期待,1.2857142857142858
動揺,恍惚,2.111111111111111
動揺,平穏,0.4444444444444444
動揺,感嘆,2.0
動揺,容認,0.5
動揺,恐怖,4.454545454545454
動揺,心配,4.625
動揺,驚嘆,4.222222222222222
動揺,悲痛,3.636363636363636
動揺,憂い,3.909090909090909
動揺,憎悪,2.7777777777777777
動揺,退屈,0.25
動揺,激怒,2.466666666666667
動揺,苛立ち,3.466666666666667
動揺,警戒,3.3076923076923075
動揺,興味,2.5555555555555554
動揺,楽観,0.375
動揺,希望,0.4
動揺,不安,6.142857142857143
動揺,愛,1.4666666666666666
動揺,罪悪感,3.4444444444444446
動揺,歓喜,1.9090909090909092
動揺,服従,2.5
動揺,好奇心,1.2142857142857142
動揺,感傷,3.125
動揺,畏敬,3.111111111111111
動揺,絶望,4.0
動揺,恥,3.3846153846153846
動揺,失望,3.5555555555555554
動揺,不審,3.5
動揺,憤慨,3.111111111111111
動揺,自責,2.769230769230769
動揺,嫉妬,3.272727272727273
動揺,悲観,3.1666666666666665
動揺,軽蔑,2.111111111111111
動揺,冷笑,0.7777777777777778
動揺,陰鬱,3.0
動揺,積極性,1.25
動揺,誇り,0.5714285714285714
動揺,優位,1.25
悲痛,喜び,0.1111111111111111
悲痛,信頼,0.6666666666666666
悲痛,恐れ,4.222222222222222
悲痛,驚き,1.7692307692307692
悲痛,悲しみ,6.75
悲痛,嫌悪,3.7777777777777777
悲痛,怒り,4.571428571428571
悲痛,期待,0.25
悲痛,恍惚,0.7142857142857143
悲痛,平穏,0.4
悲痛,感嘆,2.6666666666666665
悲痛,容認,1.7272727272727273
悲痛,恐怖,3.727272727272727
悲痛,心配,3.3333333333333335
悲痛,驚嘆,2.1
悲痛,動揺,3.4
悲痛,憂い,3.6
悲痛,憎悪,3.3
悲痛,退屈,1.3076923076923077
悲痛,激怒,1.9166666666666667
悲痛,苛立ち,3.0
悲痛,警戒,2.769230769230769
悲痛,興味,0.7777777777777778
悲痛,楽観,0.3
悲痛,希望,0.1666666666666666
悲痛,不安,4.2
悲痛,愛,2.5384615384615383
悲痛,罪悪感,2.4444444444444446
悲痛,歓喜,0.4
悲痛,服従,3.0
悲痛,好奇心,0.8461538461538461
悲痛,感傷,4.25
悲痛,畏敬,0.8888888888888888
悲痛,絶望,5.923076923076923
悲痛,恥,3.0
悲痛,失望,4.777777777777778
悲痛,不審,2.4615384615384617
悲痛,憤慨,2.3333333333333335
悲痛,自責,4.875
悲痛,嫉妬,2.2857142857142856
悲痛,悲観,5.8
悲痛,軽蔑,3.4
悲痛,冷笑,2.5
悲痛,陰鬱,4.285714285714286
悲痛,積極性,0.2
悲痛,誇り,0.3333333333333333
悲痛,優位,0.5
憂い,喜び,2.0
憂い,信頼,1.5555555555555556
憂い,恐れ,3.8
憂い,驚き,1.0833333333333333
憂い,悲しみ,4.375
憂い,嫌悪,3.1
憂い,怒り,2.625
憂い,期待,0.9090909090909092
憂い,恍惚,1.9
憂い,平穏,0.5
憂い,感嘆,1.4444444444444444
憂い,容認,1.25
憂い,恐怖,2.875
憂い,心配,5.111111111111111
憂い,驚嘆,2.0
憂い,動揺,2.909090909090909
憂い,悲痛,4.454545454545454
憂い,憎悪,1.8333333333333333
憂い,退屈,2.142857142857143
憂い,激怒,1.1666666666666667
憂い,苛立ち,2.3
憂い,警戒,2.2142857142857144
憂い,興味,0.875
憂い,楽観,2.0
憂い,希望,0.8125
憂い,不安,4.8
憂い,愛,1.375
憂い,罪悪感,3.4615384615384617
憂い,歓喜,2.0
憂い,服従,1.9090909090909092
憂い,好奇心,1.8888888888888888
憂い,感傷,4.181818181818182
憂い,畏敬,1.5555555555555556
憂い,絶望,3.4615384615384617
憂い,恥,2.857142857142857
憂い,失望,4.538461538461538
憂い,不審,2.5384615384615383
憂い,憤慨,2.75
憂い,自責,2.5
憂い,嫉妬,2.5833333333333335
憂い,悲観,5.6
憂い,軽蔑,3.2222222222222223
憂い,冷笑,1.875
憂い,陰鬱,5.5
憂い,積極性,0.6923076923076923
憂い,誇り,0.9285714285714286
憂い,優位,1.6666666666666667
憎悪,喜び,0.2857142857142857
憎悪,信頼,0.625
憎悪,恐れ,3.5
憎悪,驚き,1.4166666666666667
憎悪,悲しみ,3.8666666666666663
憎悪,嫌悪,6.454545454545454
憎悪,怒り,6.384615384615385
憎悪,期待,0.75
憎悪,恍惚,1.0909090909090908
憎悪,平穏,0.8571428571428571
憎悪,感嘆,1.0
憎悪,容認,1.2
憎悪,恐怖,4.571428571428571
憎悪,心配,1.2857142857142858
憎悪,驚嘆,1.5
憎悪,動揺,2.1538461538461537
憎悪,悲痛,3.0555555555555554
憎悪,憂い,1.2
憎悪,退屈,1.5714285714285714
憎悪,激怒,5.083333333333333
憎悪,苛立ち,5.2727272727272725
憎悪,警戒,2.8
憎悪,興味,0.7142857142857143
憎悪,楽観,0.5
憎悪,希望,0.5
憎悪,不安,3.0833333333333335
憎悪,愛,1.0
憎悪,罪悪感,2.625
憎悪,歓喜,0.7857142857142857
憎悪,服従,1.7
憎悪,好奇心,0.75
憎悪,感傷,2.625
憎悪,畏敬,0.5
憎悪,絶望,4.0
憎悪,恥,1.5833333333333333
憎悪,失望,4.2
憎悪,不審,3.4444444444444446
憎悪,憤慨,4.583333333333333
憎悪,自責,2.4
憎悪,嫉妬,5.0
憎悪,悲観,3.357142857142857
憎悪,軽蔑,4.1
憎悪,冷笑,2.0
憎悪,陰鬱,1.8
憎悪,積極性,2.0833333333333335
憎悪,誇り,1.8
憎悪,優位,1.0
退屈,喜び,0.2857142857142857
退屈,信頼,0.6
退屈,恐れ,1.181818181818182
退屈,驚き,0.2
退屈,悲しみ,2.5
退屈,嫌悪,1.875
退屈,怒り,0.7
退屈,期待,0.7272727272727273
退屈,恍惚,1.4
退屈,平穏,5.1
退屈,感嘆,0.625
退屈,容認,1.8333333333333333
退屈,恐怖,2.076923076923077
退屈,心配,1.5
退屈,驚嘆,0.5
退屈,動揺,0.6363636363636364
退屈,悲痛,1.5
退屈,憂い,3.5
退屈,憎悪,1.3333333333333333
退屈,激怒,0.9
退屈,苛立ち,1.9
退屈,警戒,0.0
退屈,興味,0.6666666666666666
退屈,楽観,2.4444444444444446
退屈,希望,1.0
退屈,不安,3.0
退屈,愛,1.2
退屈,罪悪感,2.0
退屈,歓喜,0.3
退屈,服従,1.25
退屈,好奇心,0.5833333333333334
退屈,感傷,2.0
退屈,畏敬,0.6363636363636364
退屈,絶望,2.8
退屈,恥,1.4615384615384617
退屈,失望,3.090909090909091
退屈,不審,0.4
退屈,憤慨,1.2307692307692308
退屈,自責,0.9333333333333332
退屈,嫉妬,0.4
退屈,悲観,1.6666666666666667
退屈,軽蔑,1.0833333333333333
退屈,冷笑,2.4285714285714284
退屈,陰鬱,4.25
退屈,積極性,0.3333333333333333
退屈,誇り,0.5714285714285714
退屈,優位,1.8
激怒,喜び,1.0909090909090908
激怒,信頼,0.3333333333333333
激怒,恐れ,2.8181818181818183
激怒,驚き,2.875
激怒,悲しみ,3.6666666666666665
激怒,嫌悪,4.2
激怒,怒り,6.833333333333333
激怒,期待,0.8181818181818182
激怒,恍惚,0.6666666666666666
激怒,平穏,0.4444444444444444
激怒,感嘆,1.6363636363636365
激怒,容認,0.8333333333333334
激怒,恐怖,3.0
激怒,心配,1.3333333333333333
激怒,驚嘆,2.0
激怒,動揺,4.0
激怒,悲痛,2.9411764705882355
激怒,憂い,1.5454545454545454
激怒,憎悪,4.714285714285714
激怒,退屈,1.0
激怒,苛立ち,5.285714285714286
激怒,警戒,2.4615384615384617
激怒,興味,0.8333333333333334
激怒,楽観,0.4
激怒,希望,0.5
激怒,不安,2.1666666666666665
激怒,愛,0.2857142857142857
激怒,罪悪感,3.1
激怒,歓喜,0.5384615384615384
激怒,服従,0.9166666666666666
激怒,好奇心,0.625
激怒,感傷,2.4285714285714284
激怒,畏敬,1.0
激怒,絶望,3.0
激怒,恥,1.7333333333333334
激怒,失望,3.8333333333333335
激怒,不審,2.4
激怒,憤慨,6.285714285714286
激怒,自責,1.7692307692307692
激怒,嫉妬,3.9
激怒,悲観,1.818181818181818
激怒,軽蔑,3.1
激怒,冷笑,2.875
激怒,陰鬱,2.636363636363636
激怒,積極性,1.5384615384615383
激怒,誇り,0.3076923076923077
激怒,優位,2.0
苛立ち,喜び,0.0
苛立ち,信頼,0.6666666666666666
苛立ち,恐れ,4.625
苛立ち,驚き,1.0909090909090908
苛立ち,悲しみ,2.1666666666666665
苛立ち,嫌悪,5.2
苛立ち,怒り,5.545454545454546
苛立ち,期待,0.6428571428571429
苛立ち,恍惚,0.5333333333333333
苛立ち,平穏,0.5333333333333333
苛立ち,感嘆,1.0
苛立ち,容認,1.3333333333333333
苛立ち,恐怖,1.75
苛立ち,心配,3.909090909090909
苛立ち,驚嘆,2.5
苛立ち,動揺,4.8
苛立ち,悲痛,3.272727272727273
苛立ち,憂い,3.0
苛立ち,憎悪,4.818181818181818
苛立ち,退屈,1.5
苛立ち,激怒,5.916666666666667
苛立ち,警戒,3.6666666666666665
苛立ち,興味,1.4444444444444444
苛立ち,楽観,1.0
苛立ち,希望,0.25
苛立ち,不安,4.1
苛立ち,愛,0.8666666666666667
苛立ち,罪悪感,3.3333333333333335
苛立ち,歓喜,1.3333333333333333
苛立ち,服従,2.6923076923076925
苛立ち,好奇心,1.1666666666666667
苛立ち,感傷,1.6666666666666667
苛立ち,畏敬,1.75
苛立ち,絶望,3.7142857142857144
苛立ち,恥,2.5
苛立ち,失望,4.866666666666666
苛立ち,不審,4.0
苛立ち,憤慨,5.0
苛立ち,自責,4.666666666666667
苛立ち,嫉妬,4.333333333333333
苛立ち,悲観,4.0
苛立ち,軽蔑,2.9
苛立ち,冷笑,2.727272727272727
苛立ち,陰鬱,3.0
苛立ち,積極性,1.5384615384615383
苛立ち,誇り,0.5
苛立ち,優位,1.3076923076923077
警戒,喜び,0.6666666666666666
警戒,信頼,0.6923076923076923
警戒,恐れ,6.454545454545454
警戒,驚き,2.875
警戒,悲しみ,2.4285714285714284
警戒,嫌悪,4.1
警戒,怒り,2.142857142857143
警戒,期待,0.7777777777777778
警戒,恍惚,0.8888888888888888
警戒,平穏,0.4545454545454545
警戒,感嘆,0.6363636363636364
警戒,容認,0.5714285714285714
警戒,恐怖,5.333333333333333
警戒,心配,5.857142857142857
警戒,驚嘆,1.6666666666666667
警戒,動揺,4.0
警戒,悲痛,2.4545454545454546
警戒,憂い,2.5833333333333335
警戒,憎悪,3.0
警戒,退屈,0.4444444444444444
警戒,激怒,2.4545454545454546
警戒,苛立ち,3.6666666666666665
警戒,興味,2.111111111111111
警戒,楽観,0.375
警戒,希望,0.6
警戒,不安,5.714285714285714
警戒,愛,0.5454545454545454
警戒,罪悪感,2.0
警戒,歓喜,0.125
警戒,服従,2.25
警戒,好奇心,1.6923076923076923
警戒,感傷,1.7
警戒,畏敬,1.1
警戒,絶望,2.4
警戒,恥,1.6923076923076923
警戒,失望,2.25
警戒,不審,4.75
警戒,憤慨,2.8
警戒,自責,1.8333333333333333
警戒,嫉妬,2.1
警戒,悲観,2.142857142857143
警戒,軽蔑,1.875
警戒,冷笑,1.8571428571428572
警戒,陰鬱,3.142857142857143
警戒,積極性,1.181818181818182
警戒,誇り,1.1666666666666667
警戒,優位,1.0
興味,喜び,4.5
興味,信頼,2.3125
興味,恐れ,0.75
興味,驚き,4.111111111111111
興味,悲しみ,0.3333333333333333
興味,嫌悪,1.6
興味,怒り,1.2727272727272727
興味,期待,5.166666666666667
興味,恍惚,3.0714285714285716
興味,平穏,1.5
興味,感嘆,4.0
興味,容認,3.6666666666666665
興味,恐怖,1.0625
興味,心配,2.2
興味,驚嘆,3.6875
興味,動揺,1.6666666666666667
興味,悲痛,0.25
興味,憂い,1.625
興味,憎悪,1.0
興味,退屈,0.8666666666666667
興味,激怒,0.7142857142857143
興味,苛立ち,1.0909090909090908
興味,警戒,1.8
興味,楽観,3.230769230769231
興味,希望,4.454545454545454
興味,不安,2.1
興味,愛,4.769230769230769
興味,罪悪感,0.8
興味,歓喜,3.75
興味,服従,0.9166666666666666
興味,好奇心,6.75
興味,感傷,2.0
興味,畏敬,2.1818181818181817
興味,絶望,0.6
興味,恥,1.375
興味,失望,1.3
興味,不審,0.75
興味,憤慨,1.9090909090909092
興味,自責,1.5294117647058822
興味,嫉妬,2.4
興味,悲観,1.1111111111111112
興味,軽蔑,0.8888888888888888
興味,冷笑,0.625
興味,陰鬱,0.375
興味,積極性,4.0
興味,誇り,2.4615384615384617
興味,優位,2.6666666666666665
楽観,喜び,4.0
楽観,信頼,2.875
楽観,恐れ,1.0
楽観,驚き,1.125
楽観,悲しみ,0.2
楽観,嫌悪,0.1111111111111111
楽観,怒り,0.3333333333333333
楽観,期待,4.416666666666667
楽観,恍惚,2.8333333333333335
楽観,平穏,4.375
楽観,感嘆,1.5833333333333333
楽観,容認,3.6
楽観,恐怖,0.25
楽観,心配,0.1538461538461538
楽観,驚嘆,1.1666666666666667
楽観,動揺,0.8571428571428571
楽観,悲痛,0.3
楽観,憂い,0.75
楽観,憎悪,0.7333333333333333
楽観,退屈,2.25
楽観,激怒,0.8181818181818182
楽観,苛立ち,0.3
楽観,警戒,1.2
楽観,興味,2.4
楽観,希望,5.2
楽観,不安,0.8333333333333334
楽観,愛,2.4166666666666665
楽観,罪悪感,0.3333333333333333
楽観,歓喜,3.4615384615384617
楽観,服従,0.6363636363636364
楽観,好奇心,2.625
楽観,感傷,1.0
楽観,畏敬,0.6363636363636364
楽観,絶望,0.3333333333333333
楽観,恥,0.8461538461538461
楽観,失望,0.3333333333333333
楽観,不審,0.3333333333333333
楽観,憤慨,0.1818181818181818
楽観,自責,0.5
楽観,嫉妬,0.2857142857142857
楽観,悲観,0.3
楽観,軽蔑,0.2727272727272727
楽観,冷笑,1.4615384615384617
楽観,陰鬱,0.5555555555555556
楽観,積極性,3.1
楽観,誇り,1.875
楽観,優位,3.5
希望,喜び,4.714285714285714
希望,信頼,4.454545454545454
希望,恐れ,1.3333333333333333
希望,驚き,1.4285714285714286
希望,悲しみ,0.0833333333333333
希望,嫌悪,0.2857142857142857
希望,怒り,0.4545454545454545
希望,期待,6.125
希望,恍惚,3.2222222222222223
希望,平穏,3.1818181818181817
希望,感嘆,4.0
希望,容認,3.375
希望,恐怖,0.0
希望,心配,0.8181818181818182
希望,驚嘆,2.3
希望,動揺,1.2727272727272727
希望,悲痛,0.5384615384615384
希望,憂い,1.5454545454545454
希望,憎悪,0.3333333333333333
希望,退屈,0.5
希望,激怒,0.1666666666666666
希望,苛立ち,1.6666666666666667
希望,警戒,1.0
希望,興味,3.4615384615384617
希望,楽観,5.266666666666667
希望,不安,2.0
希望,愛,3.6153846153846154
希望,罪悪感,0.6
希望,歓喜,5.444444444444445
希望,服従,0.7777777777777778
希望,好奇心,4.777777777777778
希望,感傷,1.4166666666666667
希望,畏敬,2.0
希望,絶望,0.8888888888888888
希望,恥,0.2857142857142857
希望,失望,0.3846153846153846
希望,不審,0.8
希望,憤慨,0.7857142857142857
希望,自責,0.125
希望,嫉妬,1.3571428571428572
希望,悲観,0.0
希望,軽蔑,0.1
希望,冷笑,0.4444444444444444
希望,陰鬱,0.6666666666666666
希望,積極性,4.3
希望,誇り,4.888888888888889
希望,優位,3.125
不安,喜び,0.2142857142857142
不安,信頼,0.8571428571428571
不安,恐れ,5.7
不安,驚き,2.2857142857142856
不安,悲しみ,4.428571428571429
不安,嫌悪,3.2
不安,怒り,2.6666666666666665
不安,期待,1.6
不安,恍惚,0.5714285714285714
不安,平穏,0.0909090909090909
不安,感嘆,1.125
不安,容認,0.8333333333333334
不安,恐怖,5.416666666666667
不安,心配,6.133333333333334
不安,驚嘆,1.6
不安,動揺,6.0
不安,悲痛,4.833333333333333
不安,憂い,4.583333333333333
不安,憎悪,2.111111111111111
不安,退屈,2.0
不安,激怒,2.363636363636364
不安,苛立ち,4.666666666666667
不安,警戒,4.454545454545454
不安,興味,1.875
不安,楽観,0.5625
不安,希望,0.4
不安,愛,1.2222222222222223
不安,罪悪感,3.7777777777777777
不安,歓喜,0.2222222222222222
不安,服従,2.4545454545454546
不安,好奇心,1.3636363636363635
不安,感傷,3.3529411764705883
不安,畏敬,2.3
不安,絶望,5.0
不安,恥,3.888888888888889
不安,失望,4.785714285714286
不安,不審,4.8
不安,憤慨,2.4285714285714284
不安,自責,3.6666666666666665
不安,嫉妬,4.142857142857143
不安,悲観,5.166666666666667
不安,軽蔑,3.0714285714285716
不安,冷笑,1.25
不安,陰鬱,5.4
不安,積極性,0.8181818181818182
不安,誇り,0.3571428571428571
不安,優位,0.5
愛,喜び,5.375
愛,信頼,5.2727272727272725
愛,恐れ,1.7
愛,驚き,2.272727272727273
愛,悲しみ,2.3333333333333335
愛,嫌悪,1.4444444444444444
愛,怒り,1.1333333333333333
愛,期待,4.166666666666667
愛,恍惚,4.0
愛,平穏,3.8
愛,感嘆,3.363636363636364
愛,容認,5.0
愛,恐怖,0.6666666666666666
愛,心配,2.6
愛,驚嘆,2.0
愛,動揺,0.8888888888888888
愛,悲痛,2.230769230769231
愛,憂い,2.8
愛,憎悪,1.1
愛,退屈,1.125
愛,激怒,1.25
愛,苛立ち,2.0714285714285716
愛,警戒,1.0769230769230769
愛,興味,4.375
愛,楽観,3.2857142857142856
愛,希望,4.222222222222222
愛,不安,3.090909090909091
愛,罪悪感,1.6923076923076923
愛,歓喜,4.571428571428571
愛,服従,2.125
愛,好奇心,3.888888888888889
愛,感傷,2.875
愛,畏敬,4.375
愛,絶望,0.625
愛,恥,3.2857142857142856
愛,失望,1.8
愛,不審,1.0
愛,憤慨,1.3333333333333333
愛,自責,1.9090909090909092
愛,嫉妬,2.6666666666666665
愛,悲観,1.5
愛,軽蔑,1.3333333333333333
愛,冷笑,0.5714285714285714
愛,陰鬱,1.181818181818182
愛,積極性,2.625
愛,誇り,4.4
愛,優位,2.769230769230769
罪悪感,喜び,0.2666666666666666
罪悪感,信頼,0.2857142857142857
罪悪感,恐れ,4.444444444444445
罪悪感,驚き,1.0
罪悪感,悲しみ,3.363636363636364
罪悪感,嫌悪,4.5
罪悪感,怒り,2.3333333333333335
罪悪感,期待,0.5
罪悪感,恍惚,0.2727272727272727
罪悪感,平穏,0.2
罪悪感,感嘆,0.8571428571428571
罪悪感,容認,0.8461538461538461
罪悪感,恐怖,3.0833333333333335
罪悪感,心配,3.888888888888889
罪悪感,驚嘆,0.9
罪悪感,動揺,4.076923076923077
罪悪感,悲痛,3.7333333333333334
罪悪感,憂い,2.7142857142857144
罪悪感,憎悪,2.5555555555555554
罪悪感,退屈,1.0
罪悪感,激怒,2.4444444444444446
罪悪感,苛立ち,2.357142857142857
罪悪感,警戒,2.4444444444444446
罪悪感,興味,1.0909090909090908
罪悪感,楽観,0.4444444444444444
罪悪感,希望,0.6666666666666666
罪悪感,不安,3.8
罪悪感,愛,1.4285714285714286
罪悪感,歓喜,0.5
罪悪感,服従,1.9090909090909092
罪悪感,好奇心,1.2307692307692308
罪悪感,感傷,3.8
罪悪感,畏敬,1.2307692307692308
罪悪感,絶望,3.375
罪悪感,恥,4.083333333333333
罪悪感,失望,2.6
罪悪感,不審,2.2941176470588234
罪悪感,憤慨,2.1
罪悪感,自責,5.363636363636363
罪悪感,嫉妬,3.8
罪悪感,悲観,4.222222222222222
罪悪感,軽蔑,2.25
罪悪感,冷笑,2.1
罪悪感,陰鬱,4.2727272727272725
罪悪感,積極性,1.125
罪悪感,誇り,0.1
罪悪感,優位,0.6666666666666666
歓喜,喜び,6.777777777777778
歓喜,信頼,3.3076923076923075
歓喜,恐れ,0.7
歓喜,驚き,3.4545454545454546
歓喜,悲しみ,0.0833333333333333
歓喜,嫌悪,0.0
歓喜,怒り,0.875
歓喜,期待,3.8333333333333335
歓喜,恍惚,3.875
歓喜,平穏,1.6
歓喜,感嘆,3.75
歓喜,容認,2.7142857142857144
歓喜,恐怖,0.1538461538461538
歓喜,心配,0.9333333333333332
歓喜,驚嘆,3.7
歓喜,動揺,0.8
歓喜,悲痛,0.125
歓喜,憂い,1.5
歓喜,憎悪,0.8181818181818182
歓喜,退屈,0.9090909090909092
歓喜,激怒,0.125
歓喜,苛立ち,0.4444444444444444
歓喜,警戒,0.5833333333333334
歓喜,興味,3.6666666666666665
歓喜,楽観,4.25
歓喜,希望,4.8
歓喜,不安,0.5384615384615384
歓喜,愛,4.363636363636363
歓喜,罪悪感,0.1428571428571428
歓喜,服従,0.9090909090909092
歓喜,好奇心,3.25
歓喜,感傷,2.111111111111111
歓喜,畏敬,3.3333333333333335
歓喜,絶望,0.375
歓喜,恥,0.3333333333333333
歓喜,失望,0.5714285714285714
歓喜,不審,1.0909090909090908
歓喜,憤慨,0.3
歓喜,自責,0.7
歓喜,嫉妬,0.625
歓喜,悲観,0.0
歓喜,軽蔑,0.3636363636363636
歓喜,冷笑,0.0909090909090909
歓喜,陰鬱,0.5714285714285714
歓喜,積極性,4.3
歓喜,誇り,3.25
歓喜,優位,4.125
服従,喜び,1.4285714285714286
服従,信頼,3.4
服従,恐れ,4.714285714285714
服従,驚き,1.2
服従,悲しみ,2.3
服従,嫌悪,3.0
服従,怒り,1.0
服従,期待,1.6666666666666667
服従,恍惚,2.2857142857142856
服従,平穏,1.3333333333333333
服従,感嘆,1.0
服従,容認,2.8333333333333335
服従,恐怖,4.222222222222222
服従,心配,2.111111111111111
服従,驚嘆,1.2222222222222223
服従,動揺,1.3076923076923077
服従,悲痛,3.909090909090909
服従,憂い,1.6666666666666667
服従,憎悪,1.4444444444444444
服従,退屈,1.6923076923076923
服従,激怒,0.875
服従,苛立ち,3.0
服従,警戒,2.0
服従,興味,1.1
服従,楽観,1.2222222222222223
服従,希望,1.2727272727272727
服従,不安,2.4545454545454546
服従,愛,2.8333333333333335
服従,罪悪感,3.0
服従,歓喜,1.0833333333333333
服従,好奇心,0.9285714285714286
服従,感傷,1.5
服従,畏敬,3.375
服従,絶望,1.75
服従,恥,2.875
服従,失望,1.7777777777777777
服従,不審,1.4
服従,憤慨,0.3333333333333333
服従,自責,1.3846153846153846
服従,嫉妬,1.5
服従,悲観,2.9166666666666665
服従,軽蔑,1.6666666666666667
服従,冷笑,1.1
服従,陰鬱,3.75
服従,積極性,0.5454545454545454
服従,誇り,0.8
服従,優位,2.5714285714285716
好奇心,喜び,4.666666666666667
好奇心,信頼,2.142857142857143
好奇心,恐れ,1.125
好奇心,驚き,4.384615384615385
好奇心,悲しみ,0.7692307692307693
好奇心,嫌悪,0.5833333333333334
好奇心,怒り,0.3333333333333333
好奇心,期待,5.555555555555555
好奇心,恍惚,2.9285714285714284
好奇心,平穏,1.0
好奇心,感嘆,3.0
好奇心,容認,1.8888888888888888
好奇心,恐怖,1.6153846153846154
好奇心,心配,1.8888888888888888
好奇心,驚嘆,3.0
好奇心,動揺,0.2857142857142857
好奇心,悲痛,1.0
好奇心,憂い,1.375
好奇心,憎悪,0.6666666666666666
好奇心,退屈,0.5833333333333334
好奇心,激怒,1.6
好奇心,苛立ち,1.2
好奇心,警戒,1.3333333333333333
好奇心,興味,6.818181818181818
好奇心,楽観,4.25
好奇心,希望,4.714285714285714
好奇心,不安,1.8888888888888888
好奇心,愛,3.142857142857143
好奇心,罪悪感,1.0
好奇心,歓喜,3.769230769230769
好奇心,服従,0.625
好奇心,感傷,1.1428571428571428
好奇心,畏敬,1.9230769230769231
好奇心,絶望,0.25
好奇心,恥,1.0714285714285714
好奇心,失望,0.8235294117647058
好奇心,不審,2.2
好奇心,憤慨,0.7142857142857143
好奇心,自責,0.1428571428571428
好奇心,嫉妬,2.8333333333333335
好奇心,悲観,1.1
好奇心,軽蔑,0.75
好奇心,冷笑,0.6
好奇心,陰鬱,0.5454545454545454
好奇心,積極性,5.333333333333333
好奇心,誇り,2.0
好奇心,優位,2.2
感傷,喜び,1.181818181818182
感傷,信頼,0.2857142857142857
感傷,恐れ,2.7
感傷,驚き,1.6666666666666667
感傷,悲しみ,5.363636363636363
感傷,嫌悪,1.4285714285714286
感傷,怒り,2.0
感傷,期待,1.0909090909090908
感傷,恍惚,2.142857142857143
感傷,平穏,2.0
感傷,感嘆,3.111111111111111
感傷,容認,1.9
感傷,恐怖,1.8461538461538465
感傷,心配,3.0
感傷,驚嘆,2.5
感傷,動揺,2.6923076923076925
感傷,悲痛,4.846153846153846
感傷,憂い,4.454545454545454
感傷,憎悪,1.5714285714285714
感傷,退屈,1.25
感傷,激怒,1.625
感傷,苛立ち,1.75
感傷,警戒,2.7
感傷,興味,1.0833333333333333
感傷,楽観,1.181818181818182
感傷,希望,1.3333333333333333
感傷,不安,3.5
感傷,愛,1.7777777777777777
感傷,罪悪感,4.333333333333333
感傷,歓喜,1.4666666666666666
感傷,服従,0.9285714285714286
感傷,好奇心,1.0
感傷,畏敬,4.0
感傷,絶望,4.0
感傷,恥,1.818181818181818
感傷,失望,3.4
感傷,不審,1.8571428571428572
感傷,憤慨,2.375
感傷,自責,3.636363636363636
感傷,嫉妬,3.0
感傷,悲観,3.888888888888889
感傷,軽蔑,1.3333333333333333
感傷,冷笑,1.6666666666666667
感傷,陰鬱,3.142857142857143
感傷,積極性,1.1428571428571428
感傷,誇り,0.875
感傷,優位,1.0
畏敬,喜び,2.0
畏敬,信頼,3.142857142857143
畏敬,恐れ,4.363636363636363
畏敬,驚き,2.7333333333333334
畏敬,悲しみ,1.6875
畏敬,嫌悪,1.2222222222222223
畏敬,怒り,1.1
畏敬,期待,2.4545454545454546
畏敬,恍惚,4.222222222222222
畏敬,平穏,1.6
畏敬,感嘆,4.4
畏敬,容認,2.7857142857142856
畏敬,恐怖,4.3
畏敬,心配,1.4615384615384617
畏敬,驚嘆,4.25
畏敬,動揺,3.0
畏敬,悲痛,1.9230769230769231
畏敬,憂い,1.25
畏敬,憎悪,1.6
畏敬,退屈,0.5384615384615384
畏敬,激怒,0.5
畏敬,苛立ち,1.75
畏敬,警戒,1.7857142857142858
畏敬,興味,1.5
畏敬,楽観,0.4444444444444444
畏敬,希望,2.0
畏敬,不安,3.6666666666666665
畏敬,愛,4.166666666666667
畏敬,罪悪感,1.5555555555555556
畏敬,歓喜,1.75
畏敬,服従,2.5
畏敬,好奇心,2.6153846153846154
畏敬,感傷,2.9166666666666665
畏敬,絶望,1.1428571428571428
畏敬,恥,1.5555555555555556
畏敬,失望,0.7272727272727273
畏敬,不審,1.5
畏敬,憤慨,0.8571428571428571
畏敬,自責,1.3571428571428572
畏敬,嫉妬,1.5833333333333333
畏敬,悲観,1.8
畏敬,軽蔑,0.2727272727272727
畏敬,冷笑,0.7692307692307693
畏敬,陰鬱,2.125
畏敬,積極性,1.1
畏敬,誇り,3.5833333333333335
畏敬,優位,1.6
絶望,喜び,0.0
絶望,信頼,0.6666666666666666
絶望,恐れ,5.3
絶望,驚き,2.75
絶望,悲しみ,5.9
絶望,嫌悪,4.466666666666667
絶望,怒り,3.0833333333333335
絶望,期待,0.75
絶望,恍惚,0.4
絶望,平穏,0.1428571428571428
絶望,感嘆,1.0
絶望,容認,0.3
絶望,恐怖,5.583333333333333
絶望,心配,4.333333333333333
絶望,驚嘆,2.090909090909091
絶望,動揺,4.166666666666667
絶望,悲痛,5.8
絶望,憂い,4.0
絶望,憎悪,2.857142857142857
絶望,退屈,2.636363636363636
絶望,激怒,3.7142857142857144
絶望,苛立ち,3.2222222222222223
絶望,警戒,4.125
絶望,興味,1.0
絶望,楽観,0.0
絶望,希望,0.5833333333333334
絶望,不安,4.375
絶望,愛,1.8333333333333333
絶望,罪悪感,3.363636363636364
絶望,歓喜,0.5
絶望,服従,3.25
絶望,好奇心,0.3333333333333333
絶望,感傷,2.8
絶望,畏敬,1.0909090909090908
絶望,恥,2.111111111111111
絶望,失望,5.583333333333333
絶望,不審,3.7142857142857144
絶望,憤慨,2.2
絶望,自責,3.5
絶望,嫉妬,1.0
絶望,悲観,4.8
絶望,軽蔑,3.4444444444444446
絶望,冷笑,2.875
絶望,陰鬱,5.142857142857143
絶望,積極性,0.2222222222222222
絶望,誇り,0.1428571428571428
絶望,優位,0.4545454545454545
恥,喜び,0.2222222222222222
恥,信頼,0.6
恥,恐れ,3.625
恥,驚き,1.8
恥,悲しみ,2.5
恥,嫌悪,3.0
恥,怒り,2.3333333333333335
恥,期待,1.0
恥,恍惚,0.7142857142857143
恥,平穏,0.6666666666666666
恥,感嘆,1.0769230769230769
恥,容認,2.0
恥,恐怖,2.636363636363636
恥,心配,1.9230769230769231
恥,驚嘆,2.5555555555555554
恥,動揺,3.7777777777777777
恥,悲痛,3.1
恥,憂い,3.1
恥,憎悪,1.7272727272727273
恥,退屈,0.7
恥,激怒,2.125
恥,苛立ち,3.6
恥,警戒,1.0
恥,興味,1.0909090909090908
恥,楽観,0.0
恥,希望,0.6153846153846154
恥,不安,4.0
恥,愛,1.3571428571428572
恥,罪悪感,3.533333333333333
恥,歓喜,0.3333333333333333
恥,服従,2.5384615384615383
恥,好奇心,1.2
恥,感傷,3.230769230769231
恥,畏敬,0.8888888888888888
恥,絶望,3.6666666666666665
恥,失望,3.7142857142857144
恥,不審,1.8333333333333333
恥,憤慨,2.75
恥,自責,4.0
恥,嫉妬,2.8
恥,悲観,3.3
恥,軽蔑,3.4444444444444446
恥,冷笑,4.333333333333333
恥,陰鬱,2.8
恥,積極性,0.5384615384615384
恥,誇り,0.8571428571428571
恥,優位,0.4444444444444444
失望,喜び,0.3636363636363636
失望,信頼,0.6666666666666666
失望,恐れ,2.857142857142857
失望,驚き,2.111111111111111
失望,悲しみ,5.857142857142857
失望,嫌悪,4.7272727272727275
失望,怒り,4.461538461538462
失望,期待,1.6
失望,恍惚,0.4444444444444444
失望,平穏,0.4444444444444444
失望,感嘆,1.4444444444444444
失望,容認,0.8333333333333334
失望,恐怖,3.0
失望,心配,3.9166666666666665
失望,驚嘆,2.1666666666666665
失望,動揺,2.375
失望,悲痛,5.454545454545454
失望,憂い,4.666666666666667
失望,憎悪,3.4
失望,退屈,2.7
失望,激怒,4.230769230769231
失望,苛立ち,3.8666666666666663
失望,警戒,2.5
失望,興味,1.3333333333333333
失望,楽観,0.0833333333333333
失望,希望,1.0
失望,不安,3.2857142857142856
失望,愛,1.5714285714285714
失望,罪悪感,4.0
失望,歓喜,0.25
失望,服従,2.0
失望,好奇心,1.0
失望,感傷,3.8666666666666663
失望,畏敬,2.1333333333333333
失望,絶望,5.888888888888889
失望,恥,1.3333333333333333
失望,不審,4.142857142857143
失望,憤慨,3.6
失望,自責,3.625
失望,嫉妬,2.727272727272727
失望,悲観,5.666666666666667
失望,軽蔑,5.285714285714286
失望,冷笑,3.0
失望,陰鬱,5.25
失望,積極性,0.5
失望,誇り,0.3636363636363636
失望,優位,0.9333333333333332
不審,喜び,0.5
不審,信頼,0.4444444444444444
不審,恐れ,5.777777777777778
不審,驚き,1.7777777777777777
不審,悲しみ,1.7272727272727273
不審,嫌悪,4.5
不審,怒り,2.888888888888889
不審,期待,1.0
不審,恍惚,0.6666666666666666
不審,平穏,1.1428571428571428
不審,感嘆,0.7777777777777778
不審,容認,1.1666666666666667
不審,恐怖,4.6
不審,心配,4.444444444444445
不審,驚嘆,1.5555555555555556
不審,動揺,5.285714285714286
不審,悲痛,1.0
不審,憂い,2.0
不審,憎悪,3.1818181818181817
不審,退屈,0.7857142857142857
不審,激怒,2.8
不審,苛立ち,2.7777777777777777
不審,警戒,5.333333333333333
不審,興味,1.5454545454545454
不審,楽観,0.4285714285714285
不審,希望,0.4285714285714285
不審,不安,5.857142857142857
不審,愛,1.0
不審,罪悪感,1.6363636363636365
不審,歓喜,0.6666666666666666
不審,服従,1.3333333333333333
不審,好奇心,3.125
不審,感傷,1.625
不審,畏敬,1.1111111111111112
不審,絶望,3.1538461538461537
不審,恥,1.4545454545454546
不審,失望,3.8
不審,憤慨,3.0
不審,自責,1.6363636363636365
不審,嫉妬,1.9230769230769231
不審,悲観,3.1818181818181817
不審,軽蔑,3.5454545454545454
不審,冷笑,3.5
不審,陰鬱,3.8333333333333335
不審,積極性,0.9285714285714286
不審,誇り,0.2222222222222222
不審,優位,1.375
憤慨,喜び,0.5
憤慨,信頼,0.4444444444444444
憤慨,恐れ,2.909090909090909
憤慨,驚き,2.0
憤慨,悲しみ,3.2222222222222223
憤慨,嫌悪,4.111111111111111
憤慨,怒り,6.7
憤慨,期待,0.75
憤慨,恍惚,0.7777777777777778
憤慨,平穏,0.2
憤慨,感嘆,1.0909090909090908
憤慨,容認,0.8888888888888888
憤慨,恐怖,3.0
憤慨,心配,2.25
憤慨,驚嘆,1.875
憤慨,動揺,3.5454545454545454
憤慨,悲痛,3.5
憤慨,憂い,2.0
憤慨,憎悪,5.111111111111111
憤慨,退屈,0.5
憤慨,激怒,6.571428571428571
憤慨,苛立ち,6.0
憤慨,警戒,2.9
憤慨,興味,0.6
憤慨,楽観,0.5
憤慨,希望,0.0
憤慨,不安,3.9
憤慨,愛,0.3333333333333333
憤慨,罪悪感,2.2
憤慨,歓喜,1.3333333333333333
憤慨,服従,1.1111111111111112
憤慨,好奇心,1.0
憤慨,感傷,2.625
憤慨,畏敬,1.181818181818182
憤慨,絶望,3.4444444444444446
憤慨,恥,1.8333333333333333
憤慨,失望,2.3076923076923075
憤慨,不審,2.5833333333333335
憤慨,自責,2.1
憤慨,嫉妬,3.2857142857142856
憤慨,悲観,2.9
憤慨,軽蔑,3.7142857142857144
憤慨,冷笑,2.5454545454545454
憤慨,陰鬱,2.375
憤慨,積極性,1.4
憤慨,誇り,0.3846153846153846
憤慨,優位,1.3333333333333333
自責,喜び,0.4545454545454545
自責,信頼,0.5
自責,恐れ,3.923076923076923
自責,驚き,1.3333333333333333
自責,悲しみ,4.545454545454546
自責,嫌悪,3.909090909090909
自責,怒り,3.4
自責,期待,0.7142857142857143
自責,恍惚,0.8571428571428571
自責,平穏,1.0909090909090908
自責,感嘆,1.125
自責,容認,1.1111111111111112
自責,恐怖,2.5384615384615383
自責,心配,4.375
自責,驚嘆,0.8571428571428571
自責,動揺,4.3076923076923075
自責,悲痛,4.666666666666667
自責,憂い,3.875
自責,憎悪,3.0
自責,退屈,1.1428571428571428
自責,激怒,1.7777777777777777
自責,苛立ち,2.625
自責,警戒,2.5555555555555554
自責,興味,0.625
自責,楽観,0.3571428571428571
自責,希望,0.1
自責,不安,4.333333333333333
自責,愛,2.2857142857142856
自責,罪悪感,5.444444444444445
自責,歓喜,1.2222222222222223
自責,服従,2.4166666666666665
自責,好奇心,0.7
自責,感傷,3.75
自責,畏敬,0.8
自責,絶望,4.857142857142857
自責,恥,4.1
自責,失望,5.125
自責,不審,1.5555555555555556
自責,憤慨,2.636363636363636
自責,嫉妬,1.8
自責,悲観,5.0
自責,軽蔑,1.7777777777777777
自責,冷笑,2.4444444444444446
自責,陰鬱,3.4
自責,積極性,1.2
自責,誇り,1.7272727272727273
自責,優位,2.0
嫉妬,喜び,0.75
嫉妬,信頼,0.4285714285714285
嫉妬,恐れ,3.9
嫉妬,驚き,2.0
嫉妬,悲しみ,3.3
嫉妬,嫌悪,4.285714285714286
嫉妬,怒り,4.5
嫉妬,期待,1.2222222222222223
嫉妬,恍惚,1.0
嫉妬,平穏,0.8
嫉妬,感嘆,2.1666666666666665
嫉妬,容認,0.8333333333333334
嫉妬,恐怖,2.3
嫉妬,心配,3.4
嫉妬,驚嘆,0.9230769230769232
嫉妬,動揺,3.1
嫉妬,悲痛,2.4
嫉妬,憂い,2.8
嫉妬,憎悪,4.916666666666667
嫉妬,退屈,0.9090909090909092
嫉妬,激怒,3.5714285714285716
嫉妬,苛立ち,5.888888888888889
嫉妬,警戒,3.25
嫉妬,興味,1.7142857142857142
嫉妬,楽観,1.3
嫉妬,希望,0.3333333333333333
嫉妬,不安,4.666666666666667
嫉妬,愛,4.076923076923077
嫉妬,罪悪感,2.8125
嫉妬,歓喜,0.6
嫉妬,服従,1.6666666666666667
嫉妬,好奇心,1.1111111111111112
嫉妬,感傷,3.6666666666666665
嫉妬,畏敬,1.8
嫉妬,絶望,3.4444444444444446
嫉妬,恥,3.2142857142857144
嫉妬,失望,2.6666666666666665
嫉妬,不審,3.3076923076923075
嫉妬,憤慨,3.3333333333333335
嫉妬,自責,2.7777777777777777
嫉妬,悲観,2.25
嫉妬,軽蔑,3.5555555555555554
嫉妬,冷笑,2.7857142857142856
嫉妬,陰鬱,4.333333333333333
嫉妬,積極性,2.3333333333333335
嫉妬,誇り,0.6
嫉妬,優位,1.4166666666666667
悲観,喜び,0.1818181818181818
悲観,信頼,0.6428571428571429
悲観,恐れ,4.285714285714286
悲観,驚き,2.076923076923077
悲観,悲しみ,6.75
悲観,嫌悪,1.6666666666666667
悲観,怒り,3.3333333333333335
悲観,期待,0.5555555555555556
悲観,恍惚,1.5555555555555556
悲観,平穏,0.4444444444444444
悲観,感嘆,1.9411764705882353
悲観,容認,0.9230769230769232
悲観,恐怖,4.818181818181818
悲観,心配,5.230769230769231
悲観,驚嘆,3.111111111111111
悲観,動揺,3.5833333333333335
悲観,悲痛,4.8
悲観,憂い,6.0
悲観,憎悪,3.2222222222222223
悲観,退屈,1.4
悲観,激怒,1.8571428571428572
悲観,苛立ち,3.4615384615384617
悲観,警戒,3.6
悲観,興味,1.7
悲観,楽観,0.4285714285714285
悲観,希望,0.5
悲観,不安,5.090909090909091
悲観,愛,1.0769230769230769
悲観,罪悪感,3.3333333333333335
悲観,歓喜,0.1538461538461538
悲観,服従,2.6153846153846154
悲観,好奇心,1.2222222222222223
悲観,感傷,4.2727272727272725
悲観,畏敬,1.4444444444444444
悲観,絶望,5.916666666666667
悲観,恥,2.625
悲観,失望,5.625
悲観,不審,2.0
悲観,憤慨,2.2857142857142856
悲観,自責,4.7272727272727275
悲観,嫉妬,2.4545454545454546
悲観,軽蔑,2.5
悲観,冷笑,2.8333333333333335
悲観,陰鬱,4.9
悲観,積極性,1.0
悲観,誇り,0.6666666666666666
悲観,優位,0.4
軽蔑,喜び,0.25
軽蔑,信頼,0.2142857142857142
軽蔑,恐れ,2.5833333333333335
軽蔑,驚き,1.8
軽蔑,悲しみ,2.2857142857142856
軽蔑,嫌悪,5.875
軽蔑,怒り,5.0
軽蔑,期待,0.5
軽蔑,恍惚,0.8333333333333334
軽蔑,平穏,0.3333333333333333
軽蔑,感嘆,1.4444444444444444
軽蔑,容認,0.4
軽蔑,恐怖,2.090909090909091
軽蔑,心配,1.4
軽蔑,驚嘆,1.7142857142857142
軽蔑,動揺,1.6666666666666667
軽蔑,悲痛,2.0
軽蔑,憂い,2.0714285714285716
軽蔑,憎悪,5.0
軽蔑,退屈,1.3636363636363635
軽蔑,激怒,3.0
軽蔑,苛立ち,3.5
軽蔑,警戒,3.6666666666666665
軽蔑,興味,0.6
軽蔑,楽観,0.4444444444444444
軽蔑,希望,0.7058823529411765
軽蔑,不安,2.0
軽蔑,愛,0.4545454545454545
軽蔑,罪悪感,2.3846153846153846
軽蔑,歓喜,0.25
軽蔑,服従,2.625
軽蔑,好奇心,1.1111111111111112
軽蔑,感傷,2.111111111111111
軽蔑,畏敬,1.1
軽蔑,絶望,2.4
軽蔑,恥,2.5
軽蔑,失望,5.2727272727272725
軽蔑,不審,3.909090909090909
軽蔑,憤慨,3.6153846153846154
軽蔑,自責,2.0
軽蔑,嫉妬,2.235294117647059
軽蔑,悲観,3.1
軽蔑,冷笑,6.090909090909091
軽蔑,陰鬱,4.571428571428571
軽蔑,積極性,0.6
軽蔑,誇り,1.0
軽蔑,優位,2.375
冷笑,喜び,0.7
冷笑,信頼,0.5714285714285714
冷笑,恐れ,1.8333333333333333
冷笑,驚き,0.8181818181818182
冷笑,悲しみ,2.2
冷笑,嫌悪,3.6
冷笑,怒り,3.0
冷笑,期待,0.6
冷笑,恍惚,0.625
冷笑,平穏,0.9166666666666666
冷笑,感嘆,0.75
冷笑,容認,1.0769230769230769
冷笑,恐怖,2.25
冷笑,心配,1.4285714285714286
冷笑,驚嘆,0.3333333333333333
冷笑,動揺,0.6153846153846154
冷笑,悲痛,2.5
冷笑,憂い,1.8
冷笑,憎悪,3.7142857142857144
冷笑,退屈,3.1818181818181817
冷笑,激怒,1.4
冷笑,苛立ち,2.9375
冷笑,警戒,1.0
冷笑,興味,1.181818181818182
冷笑,楽観,1.0
冷笑,希望,0.4444444444444444
冷笑,不安,1.6666666666666667
冷笑,愛,0.25
冷笑,罪悪感,1.818181818181818
冷笑,歓喜,0.75
冷笑,服従,1.1
冷笑,好奇心,1.1666666666666667
冷笑,感傷,2.0
冷笑,畏敬,1.4444444444444444
冷笑,絶望,3.0
冷笑,恥,2.0
冷笑,失望,5.083333333333333
冷笑,不審,3.4444444444444446
冷笑,憤慨,2.0
冷笑,自責,2.0
冷笑,嫉妬,2.6666666666666665
冷笑,悲観,3.6
冷笑,軽蔑,5.375
冷笑,陰鬱,2.875
冷笑,積極性,0.6666666666666666
冷笑,誇り,1.25
冷笑,優位,2.3333333333333335
陰鬱,喜び,1.0
陰鬱,信頼,0.1428571428571428
陰鬱,恐れ,4.0
陰鬱,驚き,1.5714285714285714
陰鬱,悲しみ,4.1
陰鬱,嫌悪,4.090909090909091
陰鬱,怒り,2.533333333333333
陰鬱,期待,1.2857142857142858
陰鬱,恍惚,0.6666666666666666
陰鬱,平穏,0.9090909090909092
陰鬱,感嘆,0.375
陰鬱,容認,0.3636363636363636
陰鬱,恐怖,3.7142857142857144
陰鬱,心配,4.0
陰鬱,驚嘆,0.7777777777777778
陰鬱,動揺,3.8333333333333335
陰鬱,悲痛,4.571428571428571
陰鬱,憂い,5.2
陰鬱,憎悪,3.363636363636364
陰鬱,退屈,2.9285714285714284
陰鬱,激怒,2.1666666666666665
陰鬱,苛立ち,3.636363636363636
陰鬱,警戒,2.0
陰鬱,興味,0.6428571428571429
陰鬱,楽観,0.2
陰鬱,希望,0.125
陰鬱,不安,4.222222222222222
陰鬱,愛,0.4166666666666667
陰鬱,罪悪感,3.2222222222222223
陰鬱,歓喜,0.5
陰鬱,服従,2.5
陰鬱,好奇心,0.8888888888888888
陰鬱,感傷,3.3
陰鬱,畏敬,1.25
陰鬱,絶望,5.333333333333333
陰鬱,恥,2.7857142857142856
陰鬱,失望,4.352941176470588
陰鬱,不審,3.4545454545454546
陰鬱,憤慨,1.625
陰鬱,自責,3.5
陰鬱,嫉妬,2.4444444444444446
陰鬱,悲観,5.0
陰鬱,軽蔑,1.375
陰鬱,冷笑,4.166666666666667
陰鬱,積極性,0.3636363636363636
陰鬱,誇り,0.3333333333333333
陰鬱,優位,0.6666666666666666
積極性,喜び,3.142857142857143
積極性,信頼,3.5555555555555554
積極性,恐れ,0.7142857142857143
積極性,驚き,2.0
積極性,悲しみ,0.4166666666666667
積極性,嫌悪,0.6923076923076923
積極性,怒り,1.0666666666666669
積極性,期待,4.266666666666667
積極性,恍惚,2.0
積極性,平穏,0.9
積極性,感嘆,1.8
積極性,容認,1.6666666666666667
積極性,恐怖,1.6
積極性,心配,0.5714285714285714
積極性,驚嘆,1.5714285714285714
積極性,動揺,1.375
積極性,悲痛,1.2727272727272727
積極性,憂い,1.3333333333333333
積極性,憎悪,0.375
積極性,退屈,0.1666666666666666
積極性,激怒,1.3333333333333333
積極性,苛立ち,1.375
積極性,警戒,1.5384615384615383
積極性,興味,5.1
積極性,楽観,4.111111111111111
積極性,希望,4.384615384615385
積極性,不安,0.8
積極性,愛,3.0
積極性,罪悪感,1.6363636363636365
積極性,歓喜,3.625
積極性,服従,0.3333333333333333
積極性,好奇心,4.444444444444445
積極性,感傷,1.0
積極性,畏敬,1.3636363636363635
積極性,絶望,0.2142857142857142
積極性,恥,0.6428571428571429
積極性,失望,0.4166666666666667
積極性,不審,0.5
積極性,憤慨,1.0
積極性,自責,1.0
積極性,嫉妬,1.4
積極性,悲観,0.5
積極性,軽蔑,0.125
積極性,冷笑,0.7142857142857143
積極性,陰鬱,0.4444444444444444
積極性,誇り,4.166666666666667
積極性,優位,3.6
誇り,喜び,4.571428571428571
誇り,信頼,4.4
誇り,恐れ,0.8
誇り,驚き,2.0
誇り,悲しみ,0.5454545454545454
誇り,嫌悪,0.5
誇り,怒り,1.9230769230769231
誇り,期待,4.25
誇り,恍惚,3.727272727272727
誇り,平穏,1.5555555555555556
誇り,感嘆,2.5555555555555554
誇り,容認,2.4545454545454546
誇り,恐怖,0.3076923076923077
誇り,心配,0.2
誇り,驚嘆,2.5
誇り,動揺,0.6428571428571429
誇り,悲痛,0.5555555555555556
誇り,憂い,0.75
誇り,憎悪,0.8461538461538461
誇り,退屈,0.5625
誇り,激怒,0.1818181818181818
誇り,苛立ち,0.1428571428571428
誇り,警戒,0.75
誇り,興味,2.4166666666666665
誇り,楽観,1.1111111111111112
誇り,希望,3.625
誇り,不安,0.5555555555555556
誇り,愛,3.142857142857143
誇り,罪悪感,0.6363636363636364
誇り,歓喜,3.7
誇り,服従,1.9166666666666667
誇り,好奇心,2.1
誇り,感傷,2.0
誇り,畏敬,3.111111111111111
誇り,絶望,0.2222222222222222
誇り,恥,0.2222222222222222
誇り,失望,0.3846153846153846
誇り,不審,0.125
誇り,憤慨,1.0
誇り,自責,0.9285714285714286
誇り,嫉妬,1.3333333333333333
誇り,悲観,0.6153846153846154
誇り,軽蔑,1.0
誇り,冷笑,0.8
誇り,陰鬱,0.5454545454545454
誇り,積極性,2.0
誇り,優位,4.4
優位,喜び,3.5555555555555554
優位,信頼,3.4285714285714284
優位,恐れ,1.4285714285714286
優位,驚き,1.4705882352941178
優位,悲しみ,1.0
優位,嫌悪,0.5555555555555556
優位,怒り,1.5
優位,期待,3.7
優位,恍惚,3.0
優位,平穏,3.2
優位,感嘆,2.5625
優位,容認,2.090909090909091
優位,恐怖,2.0
優位,心配,0.8125
優位,驚嘆,2.4545454545454546
優位,動揺,0.4
優位,悲痛,1.0
優位,憂い,2.25
優位,憎悪,0.7777777777777778
優位,退屈,1.7
優位,激怒,0.9375
優位,苛立ち,0.5454545454545454
優位,警戒,0.875
優位,興味,1.7142857142857142
優位,楽観,3.375
優位,希望,3.9166666666666665
優位,不安,1.1
優位,愛,2.5
優位,罪悪感,2.5714285714285716
優位,歓喜,3.3076923076923075
優位,服従,1.1428571428571428
優位,好奇心,1.9090909090909092
優位,感傷,0.8333333333333334
優位,畏敬,2.1
優位,絶望,0.5384615384615384
優位,恥,0.8571428571428571
優位,失望,1.1111111111111112
優位,不審,0.7777777777777778
優位,憤慨,0.6923076923076923
優位,自責,1.1538461538461535
優位,嫉妬,2.4615384615384617
優位,悲観,0.125
優位,軽蔑,1.0
優位,冷笑,2.3076923076923075
優位,陰鬱,0.4615384615384615
優位,積極性,4.090909090909091
優位,誇り,3.727272727272727
